  RewriteCond %{HTTP_HOST} !^casellaorganics.com$ [NC]
  RewriteRule  .?  -  [S=177]
  RewriteRule ^/about$ https://www.casella.com/services/organics/customers [L,QSA,R=301]
  RewriteRule ^/careers$ https://www.casella.com/available-careers [L,QSA,R=301]
  RewriteRule ^/customers$ https://www.casella.com/services/organics/customers [L,QSA,R=301]
  RewriteRule ^/history$ https://www.casella.com/history [L,QSA,R=301]
  RewriteRule ^/products$ https://www.casella.com/products/earthlife-products [L,QSA,R=301]
  RewriteRule ^/services$ https://www.casella.com/services/organics/organics-services [L,QSA,R=301]
  RewriteRule ^/tools$ https://www.casella.com/services/casella-organics [L,QSA,R=301]
  RewriteRule ^/contact$ https://www.casella.com/services/casella-organics/contact [L,QSA,R=301]
  RewriteRule ^/customers/contractors$ https://www.casella.com/products/earthlife-customers/contractors [L,QSA,R=301]
  RewriteRule ^/customers/farmers$ https://www.casella.com/products/earthlife-customers/farmers [L,QSA,R=301]
  RewriteRule ^/products/all$ https://www.casella.com/products/earthlife-products [L,QSA,R=301]
  RewriteRule ^/products/bedding$ https://www.casella.com/products/earthlife-products/bedding [L,QSA,R=301]
  RewriteRule ^/products/fertilizer$ https://www.casella.com/products/earthlife-products/fertilizer [L,QSA,R=301]
  RewriteRule ^/products/mulch$ https://www.casella.com/products/earthlife-products/mulch [L,QSA,R=301]
  RewriteRule ^/products/organic$ https://www.casella.com/products/earthlife-products [L,QSA,R=301]
  RewriteRule ^/products/reclamation$ https://www.casella.com/products/earthlife-products/reclamation [L,QSA,R=301]
  RewriteRule ^/services/composting$ https://www.casella.com/products/earthlife-products/compost [L,QSA,R=301]
  RewriteRule ^/business/product/biomix$ https://www.casella [L,QSA,R=301]
.com/products/earthlife-products/reclamation/biomix-manufactured-topsoil [L,QSA,R=301]
  RewriteRule ^/customers/food-processors$ https://www.casella.com/services/organics/customers/food-processors [L,QSA,R=301]
  RewriteRule ^/galleries$ https://www.casella.com/services/casella-organics [L,QSA,R=301]
  RewriteRule ^/is/abbie-webb$ https://www.casella.com/services/casella-organics [L,QSA,R=301]
  RewriteRule ^/is/john-kelly$ https://www.casella.com/services/casella-organics [L,QSA,R=301]
  RewriteRule ^/is/marie-pupecki$ https://www.casella.com/services/casella-organics [L,QSA,R=301]
  RewriteRule ^/products/compost$ https://www.casella.com/products/earthlife-products/compost [L,QSA,R=301]
  RewriteRule ^/products/odor-control$ https://www.casella.com/products/earthlife-products/odor-control [L,QSA,R=301]
  RewriteRule ^/tools/stories/all$ https://www.casella.com/products/earthlife-customers [L,QSA,R=301]
  RewriteRule ^/customers/golf-courses$ https://www.casella.com/products/earthlife-customers/golf-courses [L,QSA,R=301]
  RewriteRule ^/customers/power-industry$ https://www.casella.com/services/organics/customers/power-industry [L,QSA,R=301]
  RewriteRule ^/is/chad-miller$ https://www.casella.com/services/casella-organics [L,QSA,R=301]
  RewriteRule ^/is/jeremy-tensen$ https://www.casella.com/services/casella-organics [L,QSA,R=301]
  RewriteRule ^/is/reed-baldwin$ https://www.casella.com/services/casella-organics [L,QSA,R=301]
  RewriteRule ^/is/willie-gibson$ https://www.casella.com/services/casella-organics [L,QSA,R=301]
  RewriteRule ^/products/liming-agents$ https://www.casella.com/products/earthlife-products/liming-agents [L,QSA,R=301]
  RewriteRule ^/products/mulch/superhumus$ https://www.casella.com/products/earthlife-products/mulch/superhumus [L,QSA,R=301]
  RewriteRule ^/services/anaerobic-digestion$ https://www.casella.com/services/organics/services/anaerobic-digestion [L,QSA,R=301]
  RewriteRule ^/services/contract-operations$ https://www.casella.com/services/organics/services/contract-operations [L,QSA,R=301]
  RewriteRule ^/customers/athletic-fields$ https://www.casella.com/products/earthlife-customers/athletic-fields [L,QSA,R=301]
  RewriteRule ^/customers/organic-growers$ https://www.casella.com/products/earthlife-customers/organic-growers [L,QSA,R=301]
  RewriteRule ^/is/david-maher$ https://www.casella.com/services/casella-organics [L,QSA,R=301]
  RewriteRule ^/is/kelli-driessen$ https://www.casella.com/services/casella-organics [L,QSA,R=301]
  RewriteRule ^/is/mark-melnik$ https://www.casella.com/services/casella-organics [L,QSA,R=301]
  RewriteRule ^/is/wayne-bartlett$ https://www.casella.com/services/casella-organics [L,QSA,R=301]
  RewriteRule ^/products/reclamation/fiberclay$ https://www.casella.com/products/earthlife-products/reclamation/fiberclay [L,QSA,R=301]
  RewriteRule ^/services/agronomic-services$ https://www.casella.com/services/organics/services/agronomic-services [L,QSA,R=301]
  RewriteRule ^/services/earthlife-marketing$ https://www.casella.com/services/organics/services/product-marketing-earthlife [L,QSA,R=301]
  RewriteRule ^/services/lagoon-cleanouts$ https://www.casella.com/services/organics/services/lagoon-cleanouts [L,QSA,R=301]
  RewriteRule ^/category/article/community$ https://www.casella.com/services/organics/organics-updates [L,QSA,R=301]
  RewriteRule ^/customers/compost-facilities$ https://www.casella.com/services/organics/customers/compost-facilities [L,QSA,R=301]
  RewriteRule ^/is/anthony-drouin$ https://www.casella.com/services/casella-organics [L,QSA,R=301]
  RewriteRule ^/is/james-talvy$ https://www.casella.com/services/casella-organics [L,QSA,R=301]
  RewriteRule ^/is/lindsay-danna$ https://www.casella.com/services/casella-organics [L,QSA,R=301]
  RewriteRule ^/products/bedding/fiberbed$ https://www.casella.com/products/earthlife-products/bedding/fiberbed [L,QSA,R=301]
  RewriteRule ^/products/fertilizer/agcompost$ https://www.casella.com/products/earthlife-products/fertilizer/agcompost [L,QSA,R=301]
  RewriteRule ^/products/fertilizer/fibergro$ https://www.casella.com/products/earthlife-products/fertilizer/fibergro [L,QSA,R=301]
  RewriteRule ^/services/land-application$ https://www.casella.com/services/organics/services/land-application [L,QSA,R=301]
  RewriteRule ^/video/organics-journey$ https://www.casella.com/organics-journey [L,QSA,R=301]
  RewriteRule ^/business/agronomic/university-maine$ https://www.casella.com/services/organics/services/agronomic-services [L,QSA,R=301]
  RewriteRule ^/customers/wastewater-treatment-plants$ https://www.casella.com/services/organics/customers/wastewater-treatment-plants [L,QSA,R=301]
  RewriteRule ^/is/patrick-ellis$ https://www.casella.com/services/casella-organics [L,QSA,R=301]
  RewriteRule ^/is/tony-barbagallo$ https://www.casella.com/services/casella-organics [L,QSA,R=301]
  RewriteRule ^/products/fertilizer/fertilizer-bags$ https://www.casella.com/products/earthlife-products/fertilizer/fertilizer-bags [L,QSA,R=301]
  RewriteRule ^/products/fertilizer/poultry-litter$ https://www.casella.com/products/earthlife-products/fertilizer/poultry-litter [L,QSA,R=301]
  RewriteRule ^/products/mulch/nutri-mulch$ https://www.casella.com/products/earthlife-products/mulch/nutri-mulch [L,QSA,R=301]
  RewriteRule ^/services/agricultural-spreader-rentals$ https://www.casella.com/services/organics/services/spreader-rentals [L,QSA,R=301]
  RewriteRule ^/tags/landfill$ https://www.casella.com/services/landfills [L,QSA,R=301]
  RewriteRule ^/customers/nurseries-and-landscapers$ https://www.casella.com/products/earthlife-customers/nurseries-and-landscapers [L,QSA,R=301]
  RewriteRule ^/customers/organic-waste-generators$ https://www.casella.com/products/customers/organic-waste-generators [L,QSA,R=301]
  RewriteRule ^/products/compost/bioremediation-amendments$ https://www.casella.com/products/earthlife-products/compost/bioremediation-amendments [L,QSA,R=301]
  RewriteRule ^/products/compost/gro-max$ https://www.casella.com/products/earthlife-products/compost/gro-max [L,QSA,R=301]
  RewriteRule ^/products/compost/somerset-composts$ https://www.casella.com/products/earthlife-products/compost/somerset-composts [L,QSA,R=301]
  RewriteRule ^/products/compost/super-peat$ https://www.casella.com/products/earthlife-products/compost/super-peat [L,QSA,R=301]
  RewriteRule ^/products/liming-agents/fiberlime$ https://www.casella.com/products/earthlife-products/liming-agents/fiberlime [L,QSA,R=301]
  RewriteRule ^/services/modern-landfill-disposal$ https://www.casella.com/services/organics/services/modern-landfill-disposal [L,QSA,R=301]
  RewriteRule ^/tags/farm$ https://www.casella.com/products/earthlife-customers/farmers [L,QSA,R=301]
  RewriteRule ^/tags/products$ https://www.casella.com/products/earthlife-products [L,QSA,R=301]
  RewriteRule ^/business/agronomic/turf-inc$ https://www.casella.com/services/organics/services/agronomic-services [L,QSA,R=301]
  RewriteRule ^/customers/public-works-departments$ https://www.casella.com/services/organics/customers/public-works-departments [L,QSA,R=301]
  RewriteRule ^/gallerys/fiberbed$ https://www.casella.com/products/earthlife-products/bedding/fiberbed [L,QSA,R=301]
  RewriteRule ^/managing-and-minimizing-risk$ https://www.casella.com/services/casella-organics [L,QSA,R=301]
  RewriteRule ^/products/compost/johnston-compost$ https://www.casella.com/products/earthlife-products/compost/johnston-compost [L,QSA,R=301]
  RewriteRule ^/products/fertilizer/fertilizer-bulk$ https://www.casella.com/products/earthlife-products/fertilizer/fertilizer-bulk [L,QSA,R=301]
  RewriteRule ^/products/liming-agents/algefiber$ https://www.casella.com/products/earthlife-products/liming-agents/algefiber [L,QSA,R=301]
  RewriteRule ^/tags/departments$ https://www.casella.com/services/organics/customers/public-works-departments [L,QSA,R=301]
  RewriteRule ^/article/community/beyond-recycle-bin$ https://www.casella.com/services/organics/organics-updates/beyond-recycle-bin [L,QSA,R=301]
  RewriteRule ^/article/press/king-hill$ https://www.casella.com/services/organics/organics-updates [L,QSA,R=301]
  RewriteRule ^/materials/biosolids$ https://www.casella.com/products/earthlife-products/fertilizer [L,QSA,R=301]
  RewriteRule ^/products/compost/hawk-ridge-compost$ https://www.casella.com/products/earthlife-products/compost/hawk-ridge-compost [L,QSA,R=301]
  RewriteRule ^/products/fertilizer/class-b-biosolids$ https://www.casella.com/products/earthlife-products/fertilizer/class-b-biosolids [L,QSA,R=301]
  RewriteRule ^/products/reclamation/erosion-control-mix$ https://www.casella.com/products/earthlife-products/reclamation/erosion-control-mix [L,QSA,R=301]
  RewriteRule ^/tags/experience$ https://www.casella.com/products/earthlife-customers/contractors [L,QSA,R=301]
  RewriteRule ^/tags/golf$ https://www.casella.com/products/earthlife-customers/golf-courses [L,QSA,R=301]
  RewriteRule ^/business/agronomic/chellis-brook-farm$ https://www.casella.com/services/organics/services/agronomic-services [L,QSA,R=301]
  RewriteRule ^/category/usage/region/ma-371$ https://www.casella.com/products/earthlife-products/fertilizer/fertilizer-bags [L,QSA,R=301]
  RewriteRule ^/customers/pulp-and-paper-industry$ https://www.casella.com/services/organics/customers/pulp-and-paper-industry [L,QSA,R=301]
  RewriteRule ^/products/bedding/clean-cow-bedding$ https://www.casella.com/products/earthlife-products/bedding/clean-cow-bedding [L,QSA,R=301]
  RewriteRule ^/products/liming-agents/lime-grit$ https://www.casella.com/products/earthlife-products/liming-agents/lime-grit [L,QSA,R=301]
  RewriteRule ^/products/reclamation/bioretention-cell-amendments$ https://www.casella.com/products/earthlife-products/reclamation/bioretention-cell-amendments [L,QSA,R=301]
  RewriteRule ^/services/full-service-resource-management$ https://www.casella.com/services/organics/services/full-service-resource-management [L,QSA,R=301]
  RewriteRule ^/services/resource-optimization-and-innovation$ https://www.casella.com/services/organics/services/resource-optimization-and-innovation [L,QSA,R=301]
  RewriteRule ^/category/industry/landscape$ https://www.casella.com/products/earthlife-customers/nurseries-and-landscapers [L,QSA,R=301]
  RewriteRule ^/is/chip-beckwith$ https://www.casella.com/services/casella-organics [L,QSA,R=301]
  RewriteRule ^/is/gene-barker$ https://www.casella.com/services/casella-organics [L,QSA,R=301]
  RewriteRule ^/products/liming-agents/agrocarb-fl$ https://www.casella.com/products/earthlife-products/liming-agents/agrocarb-fl [L,QSA,R=301]
  RewriteRule ^/products/liming-agents/mill-lime$ https://www.casella.com/products/earthlife-products/liming-agents/mill-lime [L,QSA,R=301]
  RewriteRule ^/products/odor-control/biofilter-media$ https://www.casella.com/products/earthlife-products/odor-control/biofilter-media [L,QSA,R=301]
  RewriteRule ^/products/reclamation/biomix-manufactured-topsoil$ https://www.casella.com/products/earthlife-products/reclamation/biomix-manufactured-topsoil [L,QSA,R=301]
  RewriteRule ^/tags/earthlife-fertilizer$ https://www.casella.com/products/earthlife-products/fertilizer [L,QSA,R=301]
  RewriteRule ^/is/jeff-brinck$ https://www.casella.com/services/casella-organics [L,QSA,R=301]
  RewriteRule ^/is/jeff-decosse$ https://www.casella.com/services/casella-organics [L,QSA,R=301]
  RewriteRule ^/is/jen-mcdonnell$ https://www.casella.com/services/casella-organics [L,QSA,R=301]
  RewriteRule ^/is/mike-hodge$ https://www.casella.com/services/casella-organics [L,QSA,R=301]
  RewriteRule ^/tags/food-wastes$ https://www.casella.com/services/organics/services/food-waste-collection [L,QSA,R=301]
  RewriteRule ^/tags/organic-food$ https://www.casella.com/services/organics/organics-updates [L,QSA,R=301]
  RewriteRule ^/tags/trail-mulch$ https://www.casella.com/products/earthlife-products/mulch [L,QSA,R=301]
  RewriteRule ^/gallery/land-application$ https://www.casella.com/services/organics/services/land-application [L,QSA,R=301]
  RewriteRule ^/gallery/operations-action$ https://www.casella.com/services/organics/services/contract-operations [L,QSA,R=301]
  RewriteRule ^/is/chris-bales$ https://www.casella.com/services/casella-organics [L,QSA,R=301]
  RewriteRule ^/is/jeff-mcburnie$ https://www.casella.com/services/casella-organics [L,QSA,R=301]
  RewriteRule ^/is/john-leslie$ https://www.casella.com/services/casella-organics [L,QSA,R=301]
  RewriteRule ^/is/mary-waring$ https://www.casella.com/services/casella-organics [L,QSA,R=301]
  RewriteRule ^/is/patrick-kennedy$ https://www.casella.com/services/casella-organics [L,QSA,R=301]
  RewriteRule ^/is/rob-court$ https://www.casella.com/services/casella-organics [L,QSA,R=301]
  RewriteRule ^/tags/dairy-cattle$ https://www.casella.com/products/earthlife-products/bedding/fiberbed [L,QSA,R=301]
  RewriteRule ^/gallery/landfill-closure$ https://www.casella.com/services/organics/services/modern-landfill-disposal [L,QSA,R=301]
  RewriteRule ^/is/beth-white$ https://www.casella.com/services/casella-organics [L,QSA,R=301]
  RewriteRule ^/is/bill-michaud$ https://www.casella.com/services/casella-organics [L,QSA,R=301]
  RewriteRule ^/is/dave-rowe$ https://www.casella.com/services/casella-organics [L,QSA,R=301]
  RewriteRule ^/is/glen-knecht$ https://www.casella.com/services/casella-organics [L,QSA,R=301]
  RewriteRule ^/is/scott-martineau$ https://www.casella.com/services/casella-organics [L,QSA,R=301]
  RewriteRule ^/is/shannon-carroll$ https://www.casella.com/services/casella-organics [L,QSA,R=301]
  RewriteRule ^/tags/garden-centers$ https://www.casella.com/products/earthlife-customers/nurseries-and-landscapers [L,QSA,R=301]
  RewriteRule ^/tags/healthy-soil$ https://www.casella.com/products/earthlife-products/compost [L,QSA,R=301]
  RewriteRule ^/article/community/legal-services-food-hub$ https://www.casella.com/services/organics/organics-updates/legal-services-food-hub [L,QSA,R=301]
  RewriteRule ^/article/news/joy-gardening-chris-bales$ https://www.casella.com/services/organics/organics-updates [L,QSA,R=301]
  RewriteRule ^/article/press/jordan-farm-anaerobic-digester$ https://www.casella.com/news [L,QSA,R=301]
  RewriteRule ^/gallery/2012-hawk-ridge-open-house$ https://www.casella.com/products/earthlife-products/compost/hawk-ridge-compost [L,QSA,R=301]
  RewriteRule ^/is/george-belmont$ https://www.casella.com/services/casella-organics [L,QSA,R=301]
  RewriteRule ^/products/compost/rhode-island-compost-bags$ https://www.casella.com/products/earthlife-products/compost/rhode-island-compost-bags [L,QSA,R=301]
  RewriteRule ^/products/liming-agents/wood-ash-portsmouth$ https://www.casella.com/products/earthlife-products/liming-agents/wood-ash-portsmouth [L,QSA,R=301]
  RewriteRule ^/tags/earthlife-products$ https://www.casella.com/products/earthlife-products [L,QSA,R=301]
  RewriteRule ^/business/product/coastal-maine-botanical-gardens$ https://www.casella.com/case-studies/coastal-maine-botanical-gardens-fan-nutrimulch [L,QSA,R=301]
  RewriteRule ^/products/liming-agents/fertilimer-unity-maine$ https://www.casella.com/products/earthlife-products/liming-agents/fertilimer-unity-maine [L,QSA,R=301]
  RewriteRule ^/products/liming-agents/wood-ash-jay$ https://www.casella.com/products/earthlife-products/liming-agents/wood-ash-jay [L,QSA,R=301]
  RewriteRule ^/products/liming-agents/wood-ash-madawaska$ https://www.casella.com/products/earthlife-products/liming-agents/wood-ash-madawaska [L,QSA,R=301]
  RewriteRule ^/products/liming-agents/wood-ash-springfield$ https://www.casella.com/products/earthlife-products/liming-agents/wood-ash-springfield [L,QSA,R=301]
  RewriteRule ^/products/liming-agents/wood-ash-whitefield$ https://www.casella.com/products/earthlife-products/liming-agents/wood-ash-whitefield [L,QSA,R=301]
  RewriteRule ^/article/event/jordan-farm-agreen-grand-opening$ https://www.casella.com/news [L,QSA,R=301]
  RewriteRule ^/article/news/biosolids-seaweed-recycling-rockland-maine$ https://www.casella.com/news [L,QSA,R=301]
  RewriteRule ^/article/news/celebrating-importance-our-soils-0$ https://www.casella.com/news [L,QSA,R=301]
  RewriteRule ^/article/press/digestion-ready-launch-rutland-ma$ https://www.casella.com/news [L,QSA,R=301]
  RewriteRule ^/business/source-separated/vanguard-renewables-anaerobic-digester$ https://www.casella.com/case-studies/vanguard-renewables-anaerobic-digester [L,QSA,R=301]
  RewriteRule ^/gallerys/longview-farm-digester-grand-opening$ https://www.casella.com/services/organics/services/anaerobic-digestion [L,QSA,R=301]
  RewriteRule ^/products/fertilizer/south-burlinton-vt-class-biosolids$ https://www.casella.com/products/earthlife-products/fertilizer/south-burlington-vt-class-biosolids [L,QSA,R=301]
  RewriteRule ^/products/liming-agents/fertilimer-chateaugay-new-york$ https://www.casella.com/products/earthlife-products/liming-agents/fertilimer-chateaugay-new-york [L,QSA,R=301]
  RewriteRule ^/gallery/agreen-anaerobic-digester$ https://www.casella.com/services/organics/services/anaerobic-digestion [L,QSA,R=301]
  RewriteRule ^/gallery/earthlife-fertilizer-pellets$ https://www.casella.com/products/earthlife-products/fertilizer [L,QSA,R=301]
  RewriteRule ^/materials/wood-ash-0$ https://www.casella.com/products/earthlife-products/liming-agents [L,QSA,R=301]
  RewriteRule ^/tags/comfortable-bedding-materials$ https://www.casella.com/products/earthlife-products/bedding [L,QSA,R=301]
  RewriteRule ^/tags/tremendous-recycling-success$ https://www.casella.com/services/recycling [L,QSA,R=301]
  RewriteRule ^/article/certification/compost-facility-achieves-tier-4-platinum-status$ https://www.casella.com/news [L,QSA,R=301]
  RewriteRule ^/article/news/2011-earthlife-product-spreading-event-newfield-maine$ https://www.casella.com/news [L,QSA,R=301]
  RewriteRule ^/article/news/fertilimer-feeding-fields-north-central-ny$ https://www.casella.com/news [L,QSA,R=301]
  RewriteRule ^/article/news/hawk-ridge-energy-efficiency-efforts-real-savings$ https://www.casella.com/news [L,QSA,R=301]
  RewriteRule ^/article/news/new-england-organics-now-casella-organics$ https://www.casella.com/news [L,QSA,R=301]
  RewriteRule ^/article/news/no-risk-disease-farm-fertilization-biosolids$ https://www.casella.com/news [L,QSA,R=301]
  RewriteRule ^/article/event/soil-health-assessment-training-double-j-farm-west-brookfield-ma$ https://www.casella.com/news [L,QSA,R=301]
  RewriteRule ^/article/news/new-england-organics-salutes-america-recycles-day$ https://www.casella.com/news [L,QSA,R=301]
  RewriteRule ^/article/news/soil-and-water-connection-watershed-manager%E2%80%99s-guide-organics$ https://www.casella.com/news [L,QSA,R=301]
  RewriteRule ^/products/soil-amendments/fertilimer/document/fertilimer$ https://www.casella.com/products/earthlife-products/liming-agents/fertilimer-unity-maine [L,QSA,R=301]
  RewriteRule ^/tags/pre-consumer-food-wastes$ https://www.casella.com/services/organics/services/food-waste-collection [L,QSA,R=301]
  RewriteRule ^/article/certification/hawk-ridge-compost-facility%E2%80%94-tier-4-platinum-ems-certified-operation$ https://www.casella.com/news [L,QSA,R=301]
  RewriteRule ^/article/news/sign-zero-sort-recycling-get-free-bag-our-earthlife-fertilizer-pellets$ https://www.casella.com/news [L,QSA,R=301]
  RewriteRule ^/services/modern-landfill-disposal/document/landfill-brochure$ https://www.casella.com/services/organics/services/modern-landfill-disposal [L,QSA,R=301]
  RewriteRule ^/products/mulch/nutri-mulch/document/coastal-botanical-gardens-fan-nutrimulch$ https://www.casella.com/products/earthlife-products/mulch/nutri-mulch [L,QSA,R=301]
  RewriteRule ^/is/catherine-aungst$ https://www.casella.com/services/casella-organics [L,QSA,R=301]
  RewriteRule ^/products/liming-agents/wood-ash-portsmouth-nh/document/wood-ash-portsmouth-nh-pil-use-maine$ https://www.casella.com/products/earthlife-products/liming-agents/wood-ash-portsmouth [L,QSA,R=301]